Date,Actual Price,Predicted Price
2020-01-01 00:00:00,2.341886043548584,49.007423
2020-01-02 00:00:00,2.3831369876861572,45.51162
2020-01-03 00:00:00,2.3368139266967773,38.10323
2020-01-04 00:00:00,2.4527649879455566,28.149015
2020-01-05 00:00:00,2.4825520515441895,17.329998
2020-01-06 00:00:00,2.4917359352111816,7.129725
2020-01-07 00:00:00,2.676007032394409,-1.354208
2020-01-08 00:00:00,2.6661229133605957,-7.4511905
2020-01-09 00:00:00,2.6031479835510254,-10.939435
2020-01-10 00:00:00,2.588602066040039,-11.990735
2020-01-11 00:00:00,2.6177029609680176,-11.062152
2020-01-12 00:00:00,2.61313796043396,-8.766988
2020-01-13 00:00:00,2.674596071243286,-5.7540116
2020-01-14 00:00:00,2.6145620346069336,-2.5955713
2020-01-15 00:00:00,2.9517929553985596,0.2643435
2020-01-16 00:00:00,3.009507894515991,2.5797715
2020-01-17 00:00:00,2.93693208694458,4.241704
2020-01-18 00:00:00,3.195425033569336,5.2403846
2020-01-19 00:00:00,3.18640398979187,5.6727467
2020-01-20 00:00:00,2.9825448989868164,5.663591
2020-01-21 00:00:00,3.1166388988494873,5.3265853
2020-01-22 00:00:00,3.2735300064086914,4.795363
2020-01-23 00:00:00,3.246411085128784,4.198131
2020-01-24 00:00:00,3.0910279750823975,3.6219199
2020-01-25 00:00:00,3.2099149227142334,3.106444
2020-01-26 00:00:00,3.0847010612487793,2.687144
2020-01-27 00:00:00,3.1797990798950195,2.3651829
2020-01-28 00:00:00,3.4233109951019287,2.1434681
2020-01-29 00:00:00,3.7655210494995117,2.035324
2020-01-30 00:00:00,3.81606388092041,2.0597408
2020-01-31 00:00:00,4.012904167175293,2.1999168
2020-02-01 00:00:00,3.846158027648926,2.4335926
2020-02-02 00:00:00,4.01049280166626,2.7019885
2020-02-03 00:00:00,3.9873440265655518,2.9714496
2020-02-04 00:00:00,4.063992023468018,3.2094393
2020-02-05 00:00:00,3.9818921089172363,3.4015253
2020-02-06 00:00:00,4.216646194458008,3.531943
2020-02-07 00:00:00,4.260830879211426,3.620258
2020-02-08 00:00:00,4.275966167449951,3.681926
2020-02-09 00:00:00,4.286990165710449,3.7255275
2020-02-10 00:00:00,4.420330047607422,3.755314
2020-02-11 00:00:00,4.306151866912842,3.78499
2020-02-12 00:00:00,4.507214069366455,3.8068485
2020-02-13 00:00:00,4.875403881072998,3.8350077
2020-02-14 00:00:00,4.888373851776123,3.905931
2020-02-15 00:00:00,5.048338890075684,4.022309
2020-02-16 00:00:00,4.567930221557617,4.181968
2020-02-17 00:00:00,4.481486797332764,4.3191113
2020-02-18 00:00:00,4.284588813781738,4.392452
2020-02-19 00:00:00,4.480972766876221,4.374938
2020-02-20 00:00:00,4.128811836242676,4.2936687
2020-02-21 00:00:00,4.187835216522217,4.146571
2020-02-22 00:00:00,4.215476036071777,3.9605718
2020-02-23 00:00:00,4.193637847900391,3.7695222
2020-02-24 00:00:00,4.42163610458374,3.598534
2020-02-25 00:00:00,4.248016834259033,3.4856656
2020-02-26 00:00:00,4.0514349937438965,3.4259613
2020-02-27 00:00:00,3.5444750785827637,3.3912628
2020-02-28 00:00:00,3.5621330738067627,3.3195612
2020-02-29 00:00:00,3.508884906768799,3.198771
2020-03-01 00:00:00,3.431283950805664,3.0385633
2020-03-02 00:00:00,3.315174102783203,2.8559465
2020-03-03 00:00:00,3.545383930206299,2.66438
2020-03-04 00:00:00,3.580296039581299,2.5057216
2020-03-05 00:00:00,3.601548910140991,2.4053006
2020-03-06 00:00:00,3.7708559036254883,2.3705142
2020-03-07 00:00:00,3.8070271015167236,2.4091134
2020-03-08 00:00:00,3.6221530437469482,2.510787
2020-03-09 00:00:00,3.2037129402160645,2.6349475
2020-03-10 00:00:00,3.0876450538635254,2.7132897
2020-03-11 00:00:00,3.080085039138794,2.711054
2020-03-12 00:00:00,2.940980911254883,2.631106
2020-03-13 00:00:00,1.7835580110549927,2.4843035
2020-03-14 00:00:00,2.1031949520111084,2.1916878
2020-03-15 00:00:00,1.923604965209961,1.796538
2020-03-16 00:00:00,2.0048320293426514,1.3485483
2020-03-17 00:00:00,1.7923029661178589,0.9156286
2020-03-18 00:00:00,1.8686180114746094,0.531376
2020-03-19 00:00:00,1.8997279405593872,0.23072901
2020-03-20 00:00:00,2.288741111755371,0.033563968
2020-03-21 00:00:00,2.2208518981933594,-0.023835735
2020-03-22 00:00:00,2.2243399620056152,0.044314653
2020-03-23 00:00:00,2.0462119579315186,0.20293011
2020-03-24 00:00:00,2.226875066757202,0.39331013
2020-03-25 00:00:00,2.2911770343780518,0.5901197
2020-03-26 00:00:00,2.232736110687256,0.7772505
2020-03-27 00:00:00,2.2961270809173584,0.9343787
2020-03-28 00:00:00,2.1939759254455566,1.0559262
2020-03-29 00:00:00,2.2291359901428223,1.1304173
2020-03-30 00:00:00,2.1298460960388184,1.1610956
2020-03-31 00:00:00,2.2527389526367188,1.1470454
2020-04-01 00:00:00,2.3017079830169678,1.1086054
2020-04-02 00:00:00,2.363049030303955,1.0658996
2020-04-03 00:00:00,2.436316967010498,1.0357985
2020-04-04 00:00:00,2.467974901199341,1.0305545
2020-04-05 00:00:00,2.4840140342712402,1.0525794
2020-04-06 00:00:00,2.4398930072784424,1.0965132
2020-04-07 00:00:00,2.7059481143951416,1.1480691
2020-04-08 00:00:00,2.657931089401245,1.2205766
2020-04-09 00:00:00,2.7587270736694336,1.3066982
2020-04-10 00:00:00,2.747852087020874,1.403978
2020-04-11 00:00:00,2.5302391052246094,1.5018404
2020-04-12 00:00:00,2.5407938957214355,1.5690101
2020-04-13 00:00:00,2.5752060413360596,1.5947334
2020-04-14 00:00:00,2.5246689319610596,1.5847431
2020-04-15 00:00:00,2.5048980712890625,1.5449023
2020-04-16 00:00:00,2.4375579357147217,1.4842495
2020-04-17 00:00:00,2.6446049213409424,1.4081494
2020-04-18 00:00:00,2.6448678970336914,1.3455664
2020-04-19 00:00:00,2.7963500022888184,1.3100395
2020-04-20 00:00:00,2.742439031600952,1.317485
2020-04-21 00:00:00,2.6176869869232178,1.3601499
2020-04-22 00:00:00,2.6708478927612305,1.4127097
2020-04-23 00:00:00,2.793509006500244,1.4637198
2020-04-24 00:00:00,3.085777997970581,1.517266
2020-04-25 00:00:00,3.195246934890747,1.5988967
2020-04-26 00:00:00,3.2358338832855225,1.7192627
2020-04-27 00:00:00,3.4996979236602783,1.870797
2020-04-28 00:00:00,3.5503740310668945,2.0582457
2020-04-29 00:00:00,3.5902209281921387,2.2689607
2020-04-30 00:00:00,3.8910388946533203,2.4824998
2020-05-01 00:00:00,3.60809588432312,2.7034764
2020-05-02 00:00:00,3.8885130882263184,2.8918746
2020-05-03 00:00:00,3.8684589862823486,3.0502882
2020-05-04 00:00:00,3.695754051208496,3.1740012
2020-05-05 00:00:00,3.756580114364624,3.243378
2020-05-06 00:00:00,3.748361110687256,3.2613802
2020-05-07 00:00:00,3.793459892272949,3.237306
2020-05-08 00:00:00,3.869326114654541,3.1885982
2020-05-09 00:00:00,3.947648048400879,3.136954
2020-05-10 00:00:00,3.9062769412994385,3.1017683
2020-05-11 00:00:00,3.6012039184570312,3.0852828
2020-05-12 00:00:00,3.6531949043273926,3.0562832
2020-05-13 00:00:00,3.8001949787139893,3.009831
2020-05-14 00:00:00,3.8828721046447754,2.9643292
2020-05-15 00:00:00,3.8419768810272217,2.9384642
2020-05-16 00:00:00,3.8289520740509033,2.9340951
2020-05-17 00:00:00,3.864531993865967,2.9464507
2020-05-18 00:00:00,3.8933660984039307,2.9725895
2020-05-19 00:00:00,4.101994037628174,3.0096917
2020-05-20 00:00:00,4.2737507820129395,3.0716085
2020-05-21 00:00:00,4.296350002288818,3.1716309
2020-05-22 00:00:00,3.9517390727996826,3.3033776
2020-05-23 00:00:00,4.243060111999512,3.4168484
2020-05-24 00:00:00,4.204183101654053,3.5138366
2020-05-25 00:00:00,4.000484943389893,3.5895693
2020-05-26 00:00:00,4.0985541343688965,3.6226363
2020-05-27 00:00:00,4.033448219299316,3.6194167
2020-05-28 00:00:00,4.188125133514404,3.584423
2020-05-29 00:00:00,4.887128829956055,3.542368
2020-05-30 00:00:00,4.883357048034668,3.5726252
2020-05-31 00:00:00,5.8120880126953125,3.6917553
2020-06-01 00:00:00,5.615297794342041,3.9654472
2020-06-02 00:00:00,6.129274845123291,4.353277
2020-06-03 00:00:00,5.8893890380859375,4.8349667
2020-06-04 00:00:00,6.4359259605407715,5.328422
2020-06-05 00:00:00,6.715764045715332,5.814421
2020-06-06 00:00:00,6.456380844116211,6.2815385
2020-06-07 00:00:00,6.5004987716674805,6.673809
2020-06-08 00:00:00,6.543957233428955,6.9603205
2020-06-09 00:00:00,6.517197132110596,7.134532
2020-06-10 00:00:00,6.298048973083496,7.2019954
2020-06-11 00:00:00,6.321566104888916,7.160663
2020-06-12 00:00:00,5.725492000579834,7.034957
2020-06-13 00:00:00,6.042717933654785,6.8034186
2020-06-14 00:00:00,6.002739906311035,6.521056
2020-06-15 00:00:00,5.829533100128174,6.2352757
2020-06-16 00:00:00,5.955691814422607,5.9675922
2020-06-17 00:00:00,6.041504859924316,5.7508826
2020-06-18 00:00:00,6.373826026916504,5.6099405
2020-06-19 00:00:00,6.278116226196289,5.5793934
2020-06-20 00:00:00,6.069890022277832,5.6444893
2020-06-21 00:00:00,6.0497541427612305,5.7556105
2020-06-22 00:00:00,5.983938217163086,5.8738933
2020-06-23 00:00:00,6.3367919921875,5.9693804
2020-06-24 00:00:00,6.272047996520996,6.062691
2020-06-25 00:00:00,6.255189895629883,6.152916
2020-06-26 00:00:00,6.1709208488464355,6.2334805
2020-06-27 00:00:00,6.092666149139404,6.2908645
2020-06-28 00:00:00,5.87467622756958,6.313254
2020-06-29 00:00:00,6.079235076904297,6.28126
2020-06-30 00:00:00,6.3330888748168945,6.2190304
2020-07-01 00:00:00,6.280069828033447,6.1710625
2020-07-02 00:00:00,7.2402238845825195,6.1511483
2020-07-03 00:00:00,7.0640668869018555,6.2490053
2020-07-04 00:00:00,7.209410190582275,6.4552536
2020-07-05 00:00:00,7.464379787445068,6.741332
2020-07-06 00:00:00,7.334329128265381,7.0827117
2020-07-07 00:00:00,7.850337982177734,7.4227815
2020-07-08 00:00:00,8.805205345153809,7.763582
2020-07-09 00:00:00,9.73530387878418,8.17333
2020-07-10 00:00:00,9.339090347290039,8.7263775
2020-07-11 00:00:00,8.892497062683105,9.348274
2020-07-12 00:00:00,9.415533065795898,9.906238
2020-07-13 00:00:00,9.528870582580566,10.367949
2020-07-14 00:00:00,9.338033676147461,10.719961
2020-07-15 00:00:00,9.940403938293457,10.937321
2020-07-16 00:00:00,9.79737663269043,11.077991
2020-07-17 00:00:00,9.466920852661133,11.157606
2020-07-18 00:00:00,9.173903465270996,11.15588
2020-07-19 00:00:00,9.173259735107422,11.050931
2020-07-20 00:00:00,9.26569652557373,10.859919
2020-07-21 00:00:00,8.814875602722168,10.627862
2020-07-22 00:00:00,9.166234970092773,10.354025
2020-07-23 00:00:00,9.24584674835205,10.096103
2020-07-24 00:00:00,9.264864921569824,9.8988905
2020-07-25 00:00:00,9.10802173614502,9.782463
2020-07-26 00:00:00,10.728804588317871,9.730808
2020-07-27 00:00:00,11.072532653808594,9.878652
2020-07-28 00:00:00,10.380373001098633,10.264699
2020-07-29 00:00:00,11.130082130432129,10.763315
2020-07-30 00:00:00,10.46517562866211,11.3340225
2020-07-31 00:00:00,10.511699676513672,11.84565
2020-08-01 00:00:00,10.400091171264648,12.227033
2020-08-02 00:00:00,10.757892608642578,12.442216
2020-08-03 00:00:00,10.00190544128418,12.531924
2020-08-04 00:00:00,10.322840690612793,12.463153
2020-08-05 00:00:00,10.735138893127441,12.288776
2020-08-06 00:00:00,10.673222541809082,12.102174
2020-08-07 00:00:00,10.78970718383789,11.949356
2020-08-08 00:00:00,10.440226554870605,11.860428
2020-08-09 00:00:00,10.937270164489746,11.805152
2020-08-10 00:00:00,10.896957397460938,11.812149
2020-08-11 00:00:00,10.771306037902832,11.875657
2020-08-12 00:00:00,10.254960060119629,11.964834
2020-08-13 00:00:00,10.273153305053711,12.007101
2020-08-14 00:00:00,10.56849479675293,11.981663
2020-08-15 00:00:00,10.355239868164062,11.9251585
2020-08-16 00:00:00,10.35266399383545,11.844587
2020-08-17 00:00:00,10.37189769744873,11.753291
2020-08-18 00:00:00,10.53330135345459,11.667145
2020-08-19 00:00:00,10.248841285705566,11.612559
2020-08-20 00:00:00,9.691996574401855,11.570899
2020-08-21 00:00:00,10.021683692932129,11.482064
2020-08-22 00:00:00,9.27328109741211,11.367981
2020-08-23 00:00:00,9.386815071105957,11.182224
2020-08-24 00:00:00,9.110153198242188,10.943976
2020-08-25 00:00:00,9.2362642288208,10.663709
2020-08-26 00:00:00,8.410625457763672,10.385724
2020-08-27 00:00:00,8.561200141906738,10.070258
2020-08-28 00:00:00,7.880884170532227,9.743444
2020-08-29 00:00:00,8.004101753234863,9.378265
2020-08-30 00:00:00,8.534952163696289,9.00779
2020-08-31 00:00:00,8.588024139404297,8.72276
2020-09-01 00:00:00,9.009957313537598,8.568907
2020-09-02 00:00:00,9.163298606872559,8.588006
2020-09-03 00:00:00,8.468963623046875,8.775255
2020-09-04 00:00:00,7.062611103057861,9.016584
2020-09-05 00:00:00,7.50370979309082,9.105969
2020-09-06 00:00:00,6.586545944213867,9.026292
2020-09-07 00:00:00,6.820390224456787,8.730705
2020-09-08 00:00:00,6.854887962341309,8.288285
2020-09-09 00:00:00,6.715412139892578,7.7932034
2020-09-10 00:00:00,6.845022201538086,7.3156853
2020-09-11 00:00:00,7.144293785095215,6.9238143
2020-09-12 00:00:00,7.126416206359863,6.6810126
2020-09-13 00:00:00,7.171183109283447,6.5966845
2020-09-14 00:00:00,6.969905853271484,6.650952
2020-09-15 00:00:00,7.102790832519531,6.7847104
2020-09-16 00:00:00,6.882293224334717,6.961223
2020-09-17 00:00:00,6.740931987762451,7.1262794
2020-09-18 00:00:00,6.93279504776001,7.237425
2020-09-19 00:00:00,6.70448112487793,7.300724
2020-09-20 00:00:00,6.7468671798706055,7.305248
2020-09-21 00:00:00,6.576437950134277,7.2628436
2020-09-22 00:00:00,5.917867183685303,7.1755366
2020-09-23 00:00:00,6.009175777435303,6.997522
2020-09-24 00:00:00,5.663712978363037,6.747625
2020-09-25 00:00:00,6.122422218322754,6.433286
2020-09-26 00:00:00,7.137444019317627,6.133708
2020-09-27 00:00:00,7.042986869812012,5.993552
2020-09-28 00:00:00,7.4648051261901855,6.0412827
2020-09-29 00:00:00,7.4257378578186035,6.2837653
2020-09-30 00:00:00,7.4596967697143555,6.6629124
2020-10-01 00:00:00,7.431593894958496,7.1033807
2020-10-02 00:00:00,7.169050216674805,7.5297303
2020-10-03 00:00:00,6.813179969787598,7.861982
2020-10-04 00:00:00,6.849249839782715,8.0325165
2020-10-05 00:00:00,7.064510822296143,8.04023
2020-10-06 00:00:00,7.132040023803711,7.939369
2020-10-07 00:00:00,6.832348823547363,7.7882233
2020-10-08 00:00:00,6.879165172576904,7.6021357
2020-10-09 00:00:00,7.046213150024414,7.40884
2020-10-10 00:00:00,7.436594009399414,7.2478976
2020-10-11 00:00:00,7.6627421379089355,7.1747017
2020-10-12 00:00:00,7.778844833374023,7.219092
2020-10-13 00:00:00,8.071139335632324,7.3757844
2020-10-14 00:00:00,7.991767883300781,7.635173
2020-10-15 00:00:00,7.864384174346924,7.9471436
2020-10-16 00:00:00,7.823996067047119,8.247106
2020-10-17 00:00:00,7.642895221710205,8.487512
2020-10-18 00:00:00,7.792723178863525,8.629236
2020-10-19 00:00:00,7.887022972106934,8.682045
2020-10-20 00:00:00,7.976606845855713,8.674691
2020-10-21 00:00:00,7.531345844268799,8.640355
2020-10-22 00:00:00,7.828713893890381,8.55823
2020-10-23 00:00:00,8.152145385742188,8.460928
2020-10-24 00:00:00,7.980205059051514,8.401254
2020-10-25 00:00:00,7.979634761810303,8.380454
2020-10-26 00:00:00,7.8525190353393555,8.390651
2020-10-27 00:00:00,7.623897075653076,8.408709
2020-10-28 00:00:00,7.58915901184082,8.400427
2020-10-29 00:00:00,7.343232154846191,8.35445
2020-10-30 00:00:00,7.084743976593018,8.25477
2020-10-31 00:00:00,6.966609954833984,8.088934
2020-11-01 00:00:00,6.943264961242676,7.866028
2020-11-02 00:00:00,7.328973770141602,7.6149364
2020-11-03 00:00:00,6.860998153686523,7.4065795
2020-11-04 00:00:00,6.975987911224365,7.2324753
2020-11-05 00:00:00,7.075501918792725,7.103169
2020-11-06 00:00:00,7.19091796875,7.032004
2020-11-07 00:00:00,8.071707725524902,7.0285716
2020-11-08 00:00:00,7.5001420974731445,7.1659546
2020-11-09 00:00:00,7.887609958648682,7.3845954
2020-11-10 00:00:00,7.78958797454834,7.6633816
2020-11-11 00:00:00,7.859777927398682,7.9545155
2020-11-12 00:00:00,7.899024963378906,8.223391
2020-11-13 00:00:00,7.827620029449463,8.447066
2020-11-14 00:00:00,7.930141925811768,8.60464
2020-11-15 00:00:00,7.7669677734375,8.700495
2020-11-16 00:00:00,7.49337911605835,8.727692
2020-11-17 00:00:00,7.740087985992432,8.669437
2020-11-18 00:00:00,8.171244621276855,8.562317
2020-11-19 00:00:00,7.899355888366699,8.478527
2020-11-20 00:00:00,7.845003128051758,8.422507
2020-11-21 00:00:00,8.76793098449707,8.386652
2020-11-22 00:00:00,9.859552383422852,8.450728
2020-11-23 00:00:00,10.734137535095215,8.725146
2020-11-24 00:00:00,11.39723014831543,9.275115
2020-11-25 00:00:00,12.301436424255371,10.093473
2020-11-26 00:00:00,11.449482917785645,11.148094
2020-11-27 00:00:00,10.209795951843262,12.221791
2020-11-28 00:00:00,10.427122116088867,13.02832
2020-11-29 00:00:00,12.188339233398438,13.472833
2020-11-30 00:00:00,12.322853088378906,13.731797
2020-12-01 00:00:00,12.676900863647461,13.913883
2020-12-02 00:00:00,11.491257667541504,14.096963
2020-12-03 00:00:00,11.679783821105957,14.183158
2020-12-04 00:00:00,12.141711235046387,14.158277
2020-12-05 00:00:00,10.939979553222656,14.081746
2020-12-06 00:00:00,11.783254623413086,13.878832
2020-12-07 00:00:00,11.724839210510254,13.635045
2020-12-08 00:00:00,11.376384735107422,13.404395
2020-12-09 00:00:00,10.39006519317627,13.18743
2020-12-10 00:00:00,10.937174797058105,12.90209
2020-12-11 00:00:00,10.478120803833008,12.598603
2020-12-12 00:00:00,10.282731056213379,12.280748
2020-12-13 00:00:00,10.652219772338867,11.956992
2020-12-14 00:00:00,11.35339641571045,11.68963
2020-12-15 00:00:00,11.63647747039795,11.577945
2020-12-16 00:00:00,11.345393180847168,11.665825
2020-12-17 00:00:00,12.33552360534668,11.896481
2020-12-18 00:00:00,12.020883560180664,12.293658
2020-12-19 00:00:00,12.144301414489746,12.777512
2020-12-20 00:00:00,12.124089241027832,13.276042
2020-12-21 00:00:00,11.921778678894043,13.72225
2020-12-22 00:00:00,11.286701202392578,14.051857
2020-12-23 00:00:00,11.576236724853516,14.182376
2020-12-24 00:00:00,10.071346282958984,14.14121
2020-12-25 00:00:00,11.24582576751709,13.838717
2020-12-26 00:00:00,11.590243339538574,13.422477
2020-12-27 00:00:00,11.609365463256836,13.037894
2020-12-28 00:00:00,11.384799003601074,12.763659
2020-12-29 00:00:00,12.997971534729004,12.602917
2020-12-30 00:00:00,14.112157821655273,12.692061
2020-12-31 00:00:00,13.46981143951416,13.132843
2021-01-01 00:00:00,13.252397537231445,13.800332
2021-01-02 00:00:00,12.816720962524414,14.525481
2021-01-03 00:00:00,12.968210220336914,15.135794
2021-01-04 00:00:00,14.982499122619629,15.559729
2021-01-05 00:00:00,16.427825927734375,15.971581
2021-01-06 00:00:00,18.900358200073242,16.555286
2021-01-07 00:00:00,24.275869369506836,17.540129
2021-01-08 00:00:00,22.03215789794922,19.37075
2021-01-09 00:00:00,22.42451286315918,21.688828
2021-01-10 00:00:00,24.433013916015625,24.094732
2021-01-11 00:00:00,22.36600685119629,26.416979
2021-01-12 00:00:00,20.251880645751953,28.230871
2021-01-13 00:00:00,20.993196487426758,29.145151
2021-01-14 00:00:00,22.946781158447266,29.213892
2021-01-15 00:00:00,22.68698501586914,28.82542
2021-01-16 00:00:00,22.133573532104492,28.228024
2021-01-17 00:00:00,25.77440643310547,27.54373
2021-01-18 00:00:00,27.784744262695312,27.221481
2021-01-19 00:00:00,27.184602737426758,27.560051
2021-01-20 00:00:00,27.017963409423828,28.434902
2021-01-21 00:00:00,27.369647979736328,29.584507
2021-01-22 00:00:00,22.631322860717773,30.786264
2021-01-23 00:00:00,25.518875122070312,31.397202
2021-01-24 00:00:00,25.231767654418945,31.540056
2021-01-25 00:00:00,25.83185386657715,31.334715
2021-01-26 00:00:00,25.093549728393555,30.981194
2021-01-27 00:00:00,25.1015682220459,30.544691
2021-01-28 00:00:00,22.867189407348633,30.099216
2021-01-29 00:00:00,25.246299743652344,29.493406
2021-01-30 00:00:00,25.38128089904785,28.973537
2021-01-31 00:00:00,26.437387466430664,28.667072
2021-02-01 00:00:00,25.14666175842285,28.699203
2021-02-02 00:00:00,29.396690368652344,28.917406
2021-02-03 00:00:00,31.08115005493164,29.610043
2021-02-04 00:00:00,32.15960693359375,30.893282
2021-02-05 00:00:00,32.19072723388672,32.6831
2021-02-06 00:00:00,39.150909423828125,34.691692
2021-02-07 00:00:00,45.702720642089844,37.272522
2021-02-08 00:00:00,48.28042984008789,40.85394
2021-02-09 00:00:00,49.775611877441406,45.301506
2021-02-10 00:00:00,51.25526428222656,50.09614
2021-02-11 00:00:00,67.73420715332031,54.65868
2021-02-12 00:00:00,67.45584106445312,60.054733
2021-02-13 00:00:00,67.18927001953125,65.84269
2021-02-14 00:00:00,65.74711608886719,71.122536
2021-02-15 00:00:00,61.59098815917969,75.00164
2021-02-16 00:00:00,62.54300308227539,76.7234
2021-02-17 00:00:00,63.52302169799805,76.53382
2021-02-18 00:00:00,64.85346984863281,75.09268
2021-02-19 00:00:00,66.37016296386719,73.162346
2021-02-20 00:00:00,67.30219268798828,71.401764
2021-02-21 00:00:00,81.49362182617188,70.20153
2021-02-22 00:00:00,79.8563003540039,71.03217
2021-02-23 00:00:00,79.6424331665039,73.55652
2021-02-24 00:00:00,69.10409545898438,76.931244
2021-02-25 00:00:00,76.13557434082031,79.23449
2021-02-26 00:00:00,78.93885803222656,80.65608
2021-02-27 00:00:00,91.34088897705078,81.60404
2021-02-28 00:00:00,97.50495147705078,83.4656
2021-03-01 00:00:00,96.39583587646484,86.79381
2021-03-02 00:00:00,94.74663543701172,90.821625
2021-03-03 00:00:00,89.80789947509766,94.45026
2021-03-04 00:00:00,88.81137084960938,96.516335
2021-03-05 00:00:00,81.53419494628906,96.79623
2021-03-06 00:00:00,85.51356506347656,94.97034
2021-03-07 00:00:00,82.7684555053711,92.15038
2021-03-08 00:00:00,82.94345092773438,88.922104
2021-03-09 00:00:00,81.9875717163086,85.92561
2021-03-10 00:00:00,86.9791030883789,83.50186
2021-03-11 00:00:00,82.52167510986328,82.350525
2021-03-12 00:00:00,81.70386505126953,82.03304
2021-03-13 00:00:00,75.53459167480469,82.186295
2021-03-14 00:00:00,80.19906616210938,81.97983
2021-03-15 00:00:00,76.9902572631836,81.78589
2021-03-16 00:00:00,74.9476318359375,81.43551
2021-03-17 00:00:00,90.13362884521484,80.79664
2021-03-18 00:00:00,100.05039978027344,81.48724
2021-03-19 00:00:00,90.03887939453125,84.5507
2021-03-20 00:00:00,94.33186340332031,88.29796
2021-03-21 00:00:00,87.40433502197266,92.05026
2021-03-22 00:00:00,86.10861206054688,94.43362
2021-03-23 00:00:00,80.33351135253906,95.05841
2021-03-24 00:00:00,81.43865203857422,93.66572
2021-03-25 00:00:00,78.09446716308594,91.0209
2021-03-26 00:00:00,79.9886474609375,87.61971
2021-03-27 00:00:00,87.94889068603516,84.34643
2021-03-28 00:00:00,85.23992919921875,82.52283
2021-03-29 00:00:00,86.29387664794922,82.072914
2021-03-30 00:00:00,87.47541046142578,82.77887
2021-03-31 00:00:00,89.1126937866211,84.30893
2021-04-01 00:00:00,87.35142517089844,86.34455
2021-04-02 00:00:00,87.15679931640625,88.259384
2021-04-03 00:00:00,87.79524993896484,89.68627
2021-04-04 00:00:00,86.090576171875,90.56455
2021-04-05 00:00:00,87.42192840576172,90.761894
2021-04-06 00:00:00,88.98358154296875,90.54136
2021-04-07 00:00:00,92.2447509765625,90.258675
2021-04-08 00:00:00,87.4330062866211,90.37183
2021-04-09 00:00:00,90.90252685546875,90.391365
2021-04-10 00:00:00,89.94014739990234,90.54751
2021-04-11 00:00:00,91.07743835449219,90.73055
2021-04-12 00:00:00,94.66275024414062,90.99173
2021-04-13 00:00:00,98.6980209350586,91.64041
2021-04-14 00:00:00,106.14055633544922,92.969795
2021-04-15 00:00:00,109.19486236572266,95.4476
2021-04-16 00:00:00,110.71558380126953,98.85692
2021-04-17 00:00:00,105.65251922607422,102.56795
2021-04-18 00:00:00,103.24737548828125,105.29542
2021-04-19 00:00:00,95.10575103759766,106.390976
2021-04-20 00:00:00,89.70130920410156,105.20485
2021-04-21 00:00:00,95.51405334472656,101.87229
2021-04-22 00:00:00,91.02420043945312,97.99649
2021-04-23 00:00:00,86.13163757324219,94.11994
2021-04-24 00:00:00,86.52543640136719,90.368965
2021-04-25 00:00:00,82.45767211914062,87.21179
2021-04-26 00:00:00,81.47551727294922,84.587494
2021-04-27 00:00:00,92.32335662841797,82.56745
2021-04-28 00:00:00,97.46442413330078,82.32451
2021-04-29 00:00:00,99.25608825683594,84.307144
2021-04-30 00:00:00,96.9317398071289,88.05365
2021-05-01 00:00:00,100.21038818359375,92.29366
2021-05-02 00:00:00,100.2564926147461,96.36469
2021-05-03 00:00:00,98.31024169921875,99.63282
2021-05-04 00:00:00,100.56907653808594,101.55771
2021-05-05 00:00:00,94.0027847290039,102.36775
2021-05-06 00:00:00,108.89203643798828,101.658554
2021-05-07 00:00:00,121.4745864868164,101.3174
2021-05-08 00:00:00,121.182373046875,102.9532
2021-05-09 00:00:00,118.70680236816406,106.1171
2021-05-10 00:00:00,129.7654571533203,109.514275
2021-05-11 00:00:00,120.88557434082031,113.35801
2021-05-12 00:00:00,129.43980407714844,116.01603
2021-05-13 00:00:00,114.41130828857422,117.9516
2021-05-14 00:00:00,142.01895141601562,117.61218
2021-05-15 00:00:00,146.90966796875,118.18912
2021-05-16 00:00:00,159.31076049804688,120.391914
2021-05-17 00:00:00,169.20982360839844,124.77804
2021-05-18 00:00:00,148.90109252929688,130.99596
2021-05-19 00:00:00,146.52471923828125,135.07199
2021-05-20 00:00:00,108.55519104003906,135.9972
2021-05-21 00:00:00,132.20433044433594,130.65137
2021-05-22 00:00:00,113.18486022949219,123.749855
2021-05-23 00:00:00,106.72059631347656,115.66998
2021-05-24 00:00:00,96.63763427734375,107.3789
2021-05-25 00:00:00,112.85957336425781,99.244156
2021-05-26 00:00:00,113.23884582519531,93.84372
2021-05-27 00:00:00,129.55389404296875,91.86246
2021-05-28 00:00:00,119.63467407226562,94.58207
2021-05-29 00:00:00,109.45833587646484,99.85243
2021-05-30 00:00:00,101.80236053466797,104.7549
2021-05-31 00:00:00,114.18511962890625,107.3176
2021-06-01 00:00:00,126.3295669555664,108.7337
2021-06-02 00:00:00,126.38589477539062,110.686165
2021-06-03 00:00:00,127.88861083984375,113.17894
2021-06-04 00:00:00,134.4358367919922,115.84375
2021-06-05 00:00:00,124.7420654296875,118.76803
2021-06-06 00:00:00,120.95809936523438,120.39043
2021-06-07 00:00:00,122.36099243164062,120.11809
2021-06-08 00:00:00,113.88200378417969,118.533104
2021-06-09 00:00:00,115.88734436035156,115.4911
2021-06-10 00:00:00,118.58880615234375,111.99722
2021-06-11 00:00:00,111.84477233886719,109.09634
2021-06-12 00:00:00,105.18856048583984,106.56607
2021-06-13 00:00:00,108.39917755126953,103.94862
2021-06-14 00:00:00,114.12149047851562,101.82843
2021-06-15 00:00:00,115.26819610595703,101.05827
2021-06-16 00:00:00,117.19003295898438,101.728485
2021-06-17 00:00:00,109.44998931884766,103.61011
2021-06-18 00:00:00,110.05902862548828,105.308395
2021-06-19 00:00:00,104.9432601928711,106.41342
2021-06-20 00:00:00,103.10254669189453,106.36308
2021-06-21 00:00:00,105.96588134765625,105.21868
2021-06-22 00:00:00,87.2929916381836,103.75304
2021-06-23 00:00:00,85.72422790527344,100.610855
2021-06-24 00:00:00,93.02392578125,96.213234
2021-06-25 00:00:00,100.6088638305664,92.20724
2021-06-26 00:00:00,93.21041107177734,90.116585
2021-06-27 00:00:00,92.76244354248047,89.39672
2021-06-28 00:00:00,99.09931945800781,89.61034
2021-06-29 00:00:00,98.41007232666016,91.000465
2021-06-30 00:00:00,101.65826416015625,93.097115
2021-07-01 00:00:00,102.89077758789062,95.67718
2021-07-02 00:00:00,99.57984924316406,98.35918
2021-07-03 00:00:00,103.8575439453125,100.34907
2021-07-04 00:00:00,104.78528594970703,101.82089
2021-07-05 00:00:00,108.60855865478516,102.84986
2021-07-06 00:00:00,104.40927124023438,103.814766
2021-07-07 00:00:00,106.01253509521484,104.2459
2021-07-08 00:00:00,104.98432922363281,104.263275
2021-07-09 00:00:00,99.39070129394531,103.869156
2021-07-10 00:00:00,100.52322387695312,102.65314
2021-07-11 00:00:00,99.52586364746094,101.003586
2021-07-12 00:00:00,100.43256378173828,99.22354
2021-07-13 00:00:00,98.03005981445312,97.73062
2021-07-14 00:00:00,94.45030212402344,96.49593
2021-07-15 00:00:00,93.99951171875,95.250786
2021-07-16 00:00:00,91.17620849609375,94.04992
2021-07-17 00:00:00,87.59669494628906,92.77832
2021-07-18 00:00:00,87.49004364013672,91.25329
2021-07-19 00:00:00,88.29964447021484,89.69018
2021-07-20 00:00:00,84.07645416259766,88.43922
2021-07-21 00:00:00,78.72248840332031,87.26999
2021-07-22 00:00:00,86.95372009277344,85.7405
2021-07-23 00:00:00,88.31378936767578,84.82011
2021-07-24 00:00:00,89.80841064453125,84.86834
2021-07-25 00:00:00,91.8258285522461,85.90228
2021-07-26 00:00:00,91.46089172363281,87.75866
2021-07-27 00:00:00,93.4931640625,89.92071
2021-07-28 00:00:00,95.24752044677734,92.111855
2021-07-29 00:00:00,95.48015594482422,94.15576
2021-07-30 00:00:00,95.34611511230469,95.81292
2021-07-31 00:00:00,97.35891723632812,96.89977
2021-08-01 00:00:00,98.35505676269531,97.57749
2021-08-02 00:00:00,98.01190185546875,97.99134
2021-08-03 00:00:00,97.38018798828125,98.140724
2021-08-04 00:00:00,101.3048095703125,97.991844
2021-08-05 00:00:00,102.12722778320312,98.00257
2021-08-06 00:00:00,102.67572021484375,98.295364
2021-08-07 00:00:00,104.07147216796875,98.82256
2021-08-08 00:00:00,109.13972473144531,99.56048
2021-08-09 00:00:00,106.36140441894531,100.840126
2021-08-10 00:00:00,110.03461456298828,102.126884
2021-08-11 00:00:00,124.49871826171875,103.48308
2021-08-12 00:00:00,133.23544311523438,106.16309
2021-08-13 00:00:00,135.4418182373047,110.582146
2021-08-14 00:00:00,158.5333709716797,115.87874
2021-08-15 00:00:00,162.66046142578125,123.136734
2021-08-16 00:00:00,160.9881591796875,131.1115
2021-08-17 00:00:00,154.17156982421875,137.64609
2021-08-18 00:00:00,143.27120971679688,140.81444
2021-08-19 00:00:00,156.6029052734375,139.65817
2021-08-20 00:00:00,180.72532653808594,136.94803
2021-08-21 00:00:00,182.61143493652344,136.3907
2021-08-22 00:00:00,180.95938110351562,138.07774
2021-08-23 00:00:00,201.63450622558594,140.7048
2021-08-24 00:00:00,216.19625854492188,145.25706
2021-08-25 00:00:00,201.7554168701172,151.71503
2021-08-26 00:00:00,202.90257263183594,156.41356
2021-08-27 00:00:00,188.0254669189453,158.50566
2021-08-28 00:00:00,216.38902282714844,156.75601
2021-08-29 00:00:00,209.2814178466797,155.56487
2021-08-30 00:00:00,209.90597534179688,154.6477
2021-08-31 00:00:00,200.6451873779297,154.05603
2021-09-01 00:00:00,202.3822021484375,152.76576
2021-09-02 00:00:00,209.52391052246094,151.28609
2021-09-03 00:00:00,216.49266052246094,150.73141
2021-09-04 00:00:00,216.6655731201172,151.74812
2021-09-05 00:00:00,206.77975463867188,153.70514
2021-09-06 00:00:00,212.4748992919922,154.79448
2021-09-07 00:00:00,207.04067993164062,155.46544
2021-09-08 00:00:00,183.6594696044922,155.2395
2021-09-09 00:00:00,182.68447875976562,152.12585
2021-09-10 00:00:00,185.1287841796875,147.47093
2021-09-11 00:00:00,175.4267120361328,143.09798
2021-09-12 00:00:00,193.66404724121094,139.07135
2021-09-13 00:00:00,189.82029724121094,137.87305
2021-09-14 00:00:00,176.5494384765625,138.90227
2021-09-15 00:00:00,176.4241180419922,139.94762
2021-09-16 00:00:00,183.82052612304688,140.54474
2021-09-17 00:00:00,178.0989227294922,141.47937
2021-09-18 00:00:00,172.9281768798828,142.10245
2021-09-19 00:00:00,174.66441345214844,141.86266
2021-09-20 00:00:00,168.19708251953125,141.21735
2021-09-21 00:00:00,152.0319061279297,139.86525
2021-09-22 00:00:00,146.63340759277344,136.66855
2021-09-23 00:00:00,167.41455078125,132.10158
2021-09-24 00:00:00,172.1170196533203,129.45142
2021-09-25 00:00:00,168.38754272460938,129.63945
2021-09-26 00:00:00,169.8838653564453,131.63443
2021-09-27 00:00:00,163.0159454345703,134.52336
2021-09-28 00:00:00,157.6843719482422,136.66733
2021-09-29 00:00:00,151.2297821044922,137.14807
2021-09-30 00:00:00,153.52719116210938,135.65804
2021-10-01 00:00:00,157.00790405273438,133.2906
2021-10-02 00:00:00,167.44522094726562,131.24751
2021-10-03 00:00:00,166.9507598876953,131.01637
2021-10-04 00:00:00,167.05584716796875,132.28366
2021-10-05 00:00:00,163.25787353515625,134.31221
2021-10-06 00:00:00,166.5094757080078,135.9686
2021-10-07 00:00:00,165.39767456054688,137.20836
2021-10-08 00:00:00,170.38833618164062,137.81357
2021-10-09 00:00:00,168.47276306152344,138.34523
2021-10-10 00:00:00,170.2941436767578,138.6035
2021-10-11 00:00:00,165.46348571777344,138.75938
2021-10-12 00:00:00,163.8797607421875,138.32109
2021-10-13 00:00:00,159.96527099609375,137.29984
2021-10-14 00:00:00,164.8500518798828,135.65047
2021-10-15 00:00:00,162.76693725585938,134.32996
2021-10-16 00:00:00,165.9620361328125,133.40222
2021-10-17 00:00:00,163.19400024414062,133.24602
2021-10-18 00:00:00,161.78546142578125,133.43756
2021-10-19 00:00:00,160.12149047851562,133.64142
2021-10-20 00:00:00,158.72642517089844,133.61313
2021-10-21 00:00:00,163.5253143310547,133.27469
2021-10-22 00:00:00,159.95962524414062,133.27266
2021-10-23 00:00:00,161.55166625976562,133.27
2021-10-24 00:00:00,162.51004028320312,133.39174
2021-10-25 00:00:00,159.24481201171875,133.69797
2021-10-26 00:00:00,160.99868774414062,133.76701
2021-10-27 00:00:00,160.17140197753906,133.77393
2021-10-28 00:00:00,143.56541442871094,133.68138
2021-10-29 00:00:00,148.71385192871094,131.88264
2021-10-30 00:00:00,150.7702178955078,129.479
2021-10-31 00:00:00,146.66680908203125,127.431274
2021-11-01 00:00:00,147.23480224609375,125.75491
2021-11-02 00:00:00,145.91897583007812,124.69289
2021-11-03 00:00:00,147.28660583496094,124.163124
2021-11-04 00:00:00,153.61312866210938,124.242584
2021-11-05 00:00:00,147.8306884765625,125.41375
2021-11-06 00:00:00,147.35890197753906,126.694916
2021-11-07 00:00:00,148.8726348876953,127.64564
2021-11-08 00:00:00,150.00790405273438,128.29442
2021-11-09 00:00:00,157.03439331054688,128.75931
2021-11-10 00:00:00,168.635498046875,129.75395
2021-11-11 00:00:00,156.38487243652344,132.23921
2021-11-12 00:00:00,155.0022735595703,134.20978
2021-11-13 00:00:00,152.09706115722656,134.9761
2021-11-14 00:00:00,152.66273498535156,134.33458
2021-11-15 00:00:00,151.7344207763672,132.84404
2021-11-16 00:00:00,150.02166748046875,130.99873
2021-11-17 00:00:00,139.77676391601562,129.10991
2021-11-18 00:00:00,139.27731323242188,126.525955
2021-11-19 00:00:00,132.6511688232422,123.71118
2021-11-20 00:00:00,138.5743408203125,120.61066
2021-11-21 00:00:00,142.8058624267578,118.38241
2021-11-22 00:00:00,136.73165893554688,117.78355
2021-11-23 00:00:00,132.2290496826172,118.03812
2021-11-24 00:00:00,130.32012939453125,118.3073
2021-11-25 00:00:00,125.84937286376953,118.23062
2021-11-26 00:00:00,123.03685760498047,117.45594
2021-11-27 00:00:00,114.71253967285156,116.00868
2021-11-28 00:00:00,116.04081726074219,113.528366
2021-11-29 00:00:00,119.54444885253906,110.7591
2021-11-30 00:00:00,120.2764663696289,108.685905
2021-12-01 00:00:00,116.69728088378906,107.71826
2021-12-02 00:00:00,116.10655212402344,107.44958
2021-12-03 00:00:00,128.62010192871094,107.59297
2021-12-04 00:00:00,117.23712921142578,109.209915
2021-12-05 00:00:00,106.87619018554688,110.76635
2021-12-06 00:00:00,103.69783020019531,110.719284
2021-12-07 00:00:00,107.46260833740234,108.90565
2021-12-08 00:00:00,104.21057891845703,106.41934
2021-12-09 00:00:00,105.3163833618164,103.71561
2021-12-10 00:00:00,97.55616760253906,101.43564
2021-12-11 00:00:00,91.83697509765625,99.15032
2021-12-12 00:00:00,102.5402603149414,96.503494
2021-12-13 00:00:00,102.02888488769531,94.87608
2021-12-14 00:00:00,92.91465759277344,94.50458
2021-12-15 00:00:00,92.99351501464844,94.2996
2021-12-16 00:00:00,99.97801971435547,93.99681
2021-12-17 00:00:00,94.48872375488281,94.291885
2021-12-18 00:00:00,92.77584838867188,94.64546
2021-12-19 00:00:00,94.4965591430664,94.7223
2021-12-20 00:00:00,94.62322998046875,94.681694
2021-12-21 00:00:00,93.80776977539062,94.620995
2021-12-22 00:00:00,96.9439468383789,94.50561
2021-12-23 00:00:00,100.22024536132812,94.66733
2021-12-24 00:00:00,110.70147705078125,95.41456
2021-12-25 00:00:00,104.5882797241211,97.61573
2021-12-26 00:00:00,109.17996215820312,100.17114
2021-12-27 00:00:00,109.77850341796875,102.82408
2021-12-28 00:00:00,113.43903350830078,105.15291
2021-12-29 00:00:00,104.8036117553711,107.18453
2021-12-30 00:00:00,99.23954772949219,107.83375
2021-12-31 00:00:00,101.2603988647461,106.60475
2022-01-01 00:00:00,97.63162994384766,104.26698
2022-01-02 00:00:00,102.60674285888672,101.23017
2022-01-03 00:00:00,102.64449310302734,98.644936
2022-01-04 00:00:00,98.33453369140625,96.972565
2022-01-05 00:00:00,97.76461029052734,95.864876
2022-01-06 00:00:00,91.9972152709961,95.16761
2022-01-07 00:00:00,95.2394027709961,94.25703
2022-01-08 00:00:00,89.93408966064453,93.48879
2022-01-09 00:00:00,88.15511322021484,92.50887
2022-01-10 00:00:00,87.16600036621094,91.2659
2022-01-11 00:00:00,83.53966522216797,89.89228
2022-01-12 00:00:00,87.47956848144531,88.291084
2022-01-13 00:00:00,96.27384948730469,87.09084
2022-01-14 00:00:00,91.2199478149414,87.37312
2022-01-15 00:00:00,95.73026275634766,88.52979
2022-01-16 00:00:00,96.12603759765625,90.492615
2022-01-17 00:00:00,104.53174591064453,92.821556
2022-01-18 00:00:00,118.37321472167969,95.861534
2022-01-19 00:00:00,109.35855865478516,100.51582
2022-01-20 00:00:00,99.8957748413086,104.98734
2022-01-21 00:00:00,93.653076171875,107.29777
2022-01-22 00:00:00,83.5915298461914,106.66328
2022-01-23 00:00:00,79.38550567626953,102.851776
2022-01-24 00:00:00,83.52445220947266,96.78226
2022-01-25 00:00:00,79.61627197265625,90.361664
2022-01-26 00:00:00,78.02407836914062,84.48008
2022-01-27 00:00:00,80.96312713623047,79.72713
2022-01-28 00:00:00,78.4836654663086,76.775505
2022-01-29 00:00:00,78.7970962524414,75.46732
2022-01-30 00:00:00,79.46939849853516,75.55403
2022-01-31 00:00:00,77.85871124267578,76.70586
2022-02-01 00:00:00,78.4555435180664,78.31517
2022-02-02 00:00:00,81.37004089355469,80.013885
2022-02-03 00:00:00,76.9853744506836,81.810455
2022-02-04 00:00:00,78.85749816894531,83.07737
2022-02-05 00:00:00,84.77014923095703,83.84584
2022-02-06 00:00:00,84.1522216796875,84.758804
2022-02-07 00:00:00,85.4315185546875,85.789856
2022-02-08 00:00:00,89.38922119140625,86.90229
2022-02-09 00:00:00,88.04527282714844,88.30672
2022-02-10 00:00:00,89.38276672363281,89.6555
2022-02-11 00:00:00,87.0566177368164,90.82202
2022-02-12 00:00:00,81.72081756591797,91.42326
2022-02-13 00:00:00,80.04541778564453,90.89526
2022-02-14 00:00:00,78.91732025146484,89.28415
2022-02-15 00:00:00,79.49014282226562,86.953636
2022-02-16 00:00:00,83.26152801513672,84.50025
2022-02-17 00:00:00,81.3311538696289,82.75008
2022-02-18 00:00:00,76.57072448730469,81.75141
2022-02-19 00:00:00,74.46879577636719,80.97326
2022-02-20 00:00:00,74.5128173828125,80.0953
2022-02-21 00:00:00,69.67398071289062,79.16208
2022-02-22 00:00:00,64.2299575805664,77.84884
2022-02-23 00:00:00,66.34420013427734,75.79983
2022-02-24 00:00:00,64.88780212402344,73.53604
2022-02-25 00:00:00,64.35557556152344,71.37042
2022-02-26 00:00:00,67.40180206298828,69.56204
2022-02-27 00:00:00,66.6608657836914,68.59265
2022-02-28 00:00:00,64.43338775634766,68.443886
2022-03-01 00:00:00,72.26068115234375,68.720634
2022-03-02 00:00:00,72.94722747802734,69.94413
2022-03-03 00:00:00,70.94841766357422,71.98871
2022-03-04 00:00:00,68.5001449584961,74.206276
2022-03-05 00:00:00,64.40750122070312,75.88152
2022-03-06 00:00:00,66.14839935302734,76.3648
2022-03-07 00:00:00,62.95242691040039,75.9009
2022-03-08 00:00:00,61.46281814575195,74.54009
2022-03-09 00:00:00,61.627933502197266,72.52246
2022-03-10 00:00:00,64.6610336303711,70.29453
2022-03-11 00:00:00,61.530391693115234,68.546524
2022-03-12 00:00:00,60.649375915527344,67.2323
2022-03-13 00:00:00,60.691524505615234,66.27235
2022-03-14 00:00:00,60.71283721923828,65.64832
2022-03-15 00:00:00,61.49190139770508,65.33775
2022-03-16 00:00:00,61.035186767578125,65.37068
2022-03-17 00:00:00,63.7369499206543,65.6337
2022-03-18 00:00:00,63.58037567138672,66.28251
2022-03-19 00:00:00,64.81536102294922,67.197586
2022-03-20 00:00:00,68.43548583984375,68.31214
2022-03-21 00:00:00,66.63597106933594,69.80116
2022-03-22 00:00:00,69.95719146728516,71.292435
2022-03-23 00:00:00,74.30917358398438,72.844894
2022-03-24 00:00:00,84.7796859741211,74.71976
2022-03-25 00:00:00,86.24668884277344,77.748116
2022-03-26 00:00:00,83.7453842163086,81.66762
2022-03-27 00:00:00,87.7646255493164,85.43511
2022-03-28 00:00:00,90.17278289794922,88.73137
2022-03-29 00:00:00,88.97390747070312,91.41235
2022-03-30 00:00:00,90.1278076171875,93.137344
2022-03-31 00:00:00,90.26456451416016,93.96323
2022-04-01 00:00:00,86.67726135253906,94.03292
2022-04-02 00:00:00,88.51824188232422,93.19563
2022-04-03 00:00:00,87.80406188964844,91.91818
2022-04-04 00:00:00,90.12565612792969,90.48877
2022-04-05 00:00:00,91.53692626953125,89.40233
2022-04-06 00:00:00,88.33802795410156,88.94732
2022-04-07 00:00:00,79.95301818847656,88.76218
2022-04-08 00:00:00,82.88945007324219,87.8779
2022-04-09 00:00:00,77.91606903076172,86.62748
2022-04-10 00:00:00,79.33494567871094,84.860435
2022-04-11 00:00:00,78.26228332519531,83.03668
2022-04-12 00:00:00,69.80558013916016,81.410614
2022-04-13 00:00:00,72.73422241210938,79.38428
2022-04-14 00:00:00,74.19577026367188,77.416664
2022-04-15 00:00:00,71.1515121459961,75.98538
2022-04-16 00:00:00,72.87509155273438,74.97625
2022-04-17 00:00:00,72.716552734375,74.5472
2022-04-18 00:00:00,70.03172302246094,74.6446
2022-04-19 00:00:00,71.45417022705078,74.86628
2022-04-20 00:00:00,72.87818145751953,75.19492
2022-04-21 00:00:00,71.49706268310547,75.7155
2022-04-22 00:00:00,69.4617691040039,76.226456
2022-04-23 00:00:00,69.3643569946289,76.426926
2022-04-24 00:00:00,67.93914794921875,76.28243
2022-04-25 00:00:00,67.77361297607422,75.74853
2022-04-26 00:00:00,68.77530670166016,74.95347
2022-04-27 00:00:00,63.558441162109375,74.17966
2022-04-28 00:00:00,64.28114318847656,73.07459
2022-04-29 00:00:00,64.63749694824219,71.80175
2022-04-30 00:00:00,61.605716705322266,70.60956
2022-05-01 00:00:00,57.90327453613281,69.380936
2022-05-02 00:00:00,60.47981262207031,67.85894
2022-05-03 00:00:00,59.806846618652344,66.439445
2022-05-04 00:00:00,58.967552185058594,65.29704
2022-05-05 00:00:00,68.16922760009766,64.45963
2022-05-06 00:00:00,60.55643081665039,64.8448
2022-05-07 00:00:00,60.28190231323242,65.66679
2022-05-08 00:00:00,58.62917709350586,66.472595
2022-05-09 00:00:00,56.91507339477539,66.88303
2022-05-10 00:00:00,47.20011901855469,66.681595
2022-05-11 00:00:00,48.60098648071289,65.04686
2022-05-12 00:00:00,39.700252532958984,62.383728
2022-05-13 00:00:00,36.68883514404297,58.472183
2022-05-14 00:00:00,40.98082733154297,53.615597
2022-05-15 00:00:00,41.792972564697266,48.942673
2022-05-16 00:00:00,46.2982063293457,45.26323
2022-05-17 00:00:00,43.31576156616211,43.380234
2022-05-18 00:00:00,44.72734832763672,43.062283
2022-05-19 00:00:00,39.3471794128418,44.040714
2022-05-20 00:00:00,41.290401458740234,45.32717
2022-05-21 00:00:00,40.30281066894531,46.59321
2022-05-22 00:00:00,41.11262893676758,47.546555
2022-05-23 00:00:00,42.22578430175781,48.178898
,42.60519027709961,48.632954
